{
    "(2, 400, 5)": {
        "read": [
            [
                0.1270139217376709,
                0.13315820693969727,
                0.1669473648071289,
                0.15312552452087402,
                0.08725237846374512
            ],
            [
                0.12060999870300293,
                0.08736038208007812,
                0.17209577560424805,
                0.10814046859741211,
                0.10215282440185547
            ]
        ],
        "compute": [
            [
                0.706139326095581,
                0.7176556587219238,
                0.7124061584472656,
                0.8074080944061279,
                0.835432767868042
            ],
            [
                0.7251825332641602,
                0.6974945068359375,
                0.7028250694274902,
                0.6994121074676514,
                0.8365519046783447
            ]
        ],
        "write": [
            [
                0.13192534446716309,
                0.16944050788879395,
                0.1336369514465332,
                0.14371418952941895,
                0.5346767902374268
            ],
            [
                0.1730632781982422,
                0.14016485214233398,
                0.15328741073608398,
                0.1322956085205078,
                0.14234113693237305
            ]
        ],
        "cold_start_time": [
            [
                3.381681203842163,
                3.3922007083892822,
                3.689105749130249,
                3.7627334594726562,
                3.9326064586639404
            ],
            [
                3.370325803756714,
                3.575143575668335,
                3.7220358848571777,
                3.8200230598449707,
                3.8832390308380127
            ]
        ]
    }
}